,First,Last,Gender,Birthdate
0,Winter,Bayer,M,1958-05-21
1,Leonel,Fahey,F,1979-12-31
2,Cornie,Bailey,M,1969-06-24
3,Dionne,Kutch,M,1997-09-05
4,Alice,Feest,F,1977-10-25
5,Catrina,O'Reilly,F,1960-09-14
6,Antonette,Wunsch,M,1969-02-18
7,Julius,Lebsack,M,1952-09-10
8,Alvah,Steuber,F,1959-07-27
9,Fredric,Sanford,F,1997-12-16
10,Jacques,Kuhic,F,1985-05-14
11,Ole,Gottlieb,M,1973-10-24
12,Roe,Mosciski,M,1951-01-23
13,Kanesha,Thiel,F,1960-07-11
14,Fairy,Effertz,F,2000-02-04
15,Frazier,Schmeler,M,1970-02-04
16,Altha,Keebler,M,1995-05-07
17,Tommy,Daugherty,,1965-08-29
18,Kindra,Gusikowski,M,1946-09-01
19,Clemmie,Monahan,F,1949-11-02
20,Sherita,Zulauf,F,1991-04-13
21,Nicola,Gleichner,F,1984-05-13
22,Leeroy,Labadie,F,1987-03-31
23,Mercer,Braun,M,1995-06-05
24,Jed,Collier,F,1965-05-31
25,Shanon,Lynch,M,1961-10-05
26,Elmira,Kulas,M,1941-06-17
27,Kizzie,Stokes,M,1993-12-20
28,Oleta,Feeney,F,2004-11-08
29,Edison,Schneider,F,1959-03-05
30,Arta,McKenzie,F,1974-06-14
31,Kacey,Quitzon,F,1972-03-19
32,Moira,Roob,F,1946-01-20
33,Jermain,Parker,M,1979-12-28
34,Akeem,Farrell,F,1946-02-13
35,Charlsie,Hammes,F,2002-12-27
36,Glennis,Ondricka,F,2002-02-08
37,Val,Schaefer,M,1978-03-31
38,Lockie,Considine,F,1947-01-28
39,Henery,Runte,F,1951-02-05
40,Leonard,Stracke,F,1949-12-30
41,Budd,Wisoky,M,1949-10-04
42,Carly,Bauch,F,1943-07-31
43,Byrd,Runolfsson,M,1950-07-27
44,Auther,Weimann,F,2004-01-14
45,Rexford,Thompson,M,1987-03-17
46,Reese,Mante,M,1959-03-30
47,Omie,Ebert,M,1995-10-22
48,Darren,Boyer,M,1956-12-26
49,Mariyah,Botsford,M,1956-07-17
50,Gerrit,Wehner,F,1966-11-04
51,Wava,Anderson,M,1976-05-16
52,Lavon,Goldner,M,1995-04-14
53,Karter,Rodriguez,F,1949-09-11
54,Aubra,Smitham,F,1962-03-07
55,Janiya,Mayert,F,1977-04-18
56,Emmit,Ebert,F,1951-01-21
57,Kianna,Dietrich,F,2002-05-27
58,Karley,Batz,F,1945-11-16
59,Jacoby,Pollich,F,1996-04-17
60,Hardy,Lowe,F,1945-04-22
61,Travon,Hamill,F,1992-03-28
62,Marion,Wisozk,M,1980-09-17
63,Janiya,Buckridge,F,1941-05-22
64,Kellen,Cassin,M,1975-04-15
65,Shedrick,Zemlak,F,1961-06-01
66,Dorothea,Koelpin,F,2006-09-12
67,Shanell,Muller,M,1951-07-17
68,Huy,Shields,M,1967-08-07
69,Altha,Gutkowski,F,1985-11-13
70,Eulalie,Cartwright,F,1995-05-25
71,Bethel,Kunze,M,1985-12-15
72,Marcie,Nitzsche,M,1960-06-27
73,Adel,Jones,F,1959-02-21
74,Lorenz,Langosh,M,1989-10-04
75,Kitty,Gutkowski,F,1989-10-02
76,Pheobe,Hartmann,M,1946-11-25
77,Emmett,Reinger,F,1982-06-06
78,Gino,Schuster,F,1945-10-06
79,Samie,Monahan,F,1984-06-19
80,Nicholaus,Labadie,F,1971-04-20
81,Chesley,Grady,F,2007-03-13
82,Omar,Miller,F,1961-08-09
83,Dovie,Kihn,M,1965-10-30
84,Stafford,Lockman,F,1988-07-08
85,Theta,Oberbrunner,M,1974-08-01
86,Karlie,Gerhold,F,1967-09-01
87,Charisse,Hilpert,F,1975-02-17
88,Arlene,Jacobson,F,2003-05-11
89,Lakeisha,Grant,F,1954-01-24
90,Hoke,Lakin,M,1944-09-12
91,Tyquan,Romaguera,M,1967-01-09
92,Melody,Reichert,M,1994-12-26
93,Dana,Gerhold,M,1991-09-17
94,Marlo,Wehner,F,1963-08-10
95,Casper,Heathcote,M,1982-12-01
96,Destany,Abshire,M,1971-10-08
97,Alonzo,Kshlerin,M,1944-10-29
98,Janene,Cassin,F,2002-12-28
99,Hayden,Goyette,F,1962-10-27
